year,no-internet,households,no-internet-pct
2013,48591,253234,0.191881817
2014,46029,257229,0.178941721
2015,42129,254865,0.165299276
2016,34919,254851,0.137017316
2017,33400,256629,0.13014897